-- 商品域重置与商超分类初始化
-- 执行顺序：
-- 1. DB_INIT/01_full_base_schema.sql
-- 2. DB_INIT/02_startup_and_wholesale_patch.sql
-- 3. 当前文件
--
-- 目标：
-- - 清空商品域演示数据与直接关联的脏引用数据
-- - 清空旧商品分类、品牌、规格、参数
-- - 初始化一套适合批发/商超场景的三级分类树
-- - 初始化规格管理基础数据，并绑定到叶子分类

SET NAMES utf8mb4;
SET FOREIGN_KEY_CHECKS = 0;

-- ----------------------------
-- 清理商品直接关联数据
-- ----------------------------
DELETE FROM `li_seckill_apply`;
DELETE FROM `li_promotion_goods`;
DELETE FROM `li_distribution_goods`;
DELETE FROM `li_commodity`;
DELETE FROM `li_goods_gallery`;
DELETE FROM `li_store_flow`;
DELETE FROM `li_member_evaluation`;
DELETE FROM `li_receipt`;
DELETE FROM `li_order_item`;
DELETE FROM `li_page_data`;
DELETE FROM `li_goods_sku`;
DELETE FROM `li_goods`;

-- ----------------------------
-- 清理商品基础配置
-- ----------------------------
DELETE FROM `li_category_parameter`;
DELETE FROM `li_parameters`;
DELETE FROM `li_category_parameter_group`;
DELETE FROM `li_category_specification`;
DELETE FROM `li_category_brand`;
DELETE FROM `li_spec_values`;
DELETE FROM `li_specification`;
DELETE FROM `li_brand`;
DELETE FROM `li_category`;

-- ----------------------------
-- 重建平台默认首页
-- ----------------------------
INSERT INTO `li_page_data` (
  `id`,`create_by`,`create_time`,`delete_flag`,`update_by`,`update_time`,
  `name`,`num`,`page_client_type`,`page_data`,`page_show`,`page_type`
) VALUES
  (3003000000000000001, 'admin', '2026-07-02 00:00:00.000000', b'0', 'admin', '2026-07-02 00:00:00.000000', '默认首页-PC', NULL, 'PC', '{"list":[]}', 'OPEN', 'INDEX'),
  (3003000000000000002, 'admin', '2026-07-02 00:00:00.000000', b'0', 'admin', '2026-07-02 00:00:00.000000', '默认首页-H5', NULL, 'H5', '{"list":[]}', 'OPEN', 'INDEX');

-- ----------------------------
-- 初始化三级商品分类
-- delete_flag = 0 表示启用
-- ----------------------------
INSERT INTO `li_category` (
  `id`,`create_by`,`create_time`,`delete_flag`,`update_by`,`update_time`,
  `commission_rate`,`image`,`level`,`name`,`parent_id`,`sort_order`,`support_channel`
) VALUES
  (3101000000000000001, 'admin', '2026-07-02 00:00:00.000000', b'0', 'admin', '2026-07-02 00:00:00.000000', 5.00, NULL, 0, '水果鲜花', 0, 10, b'0'),
  (3101000000000000002, 'admin', '2026-07-02 00:00:00.000000', b'0', 'admin', '2026-07-02 00:00:00.000000', 5.00, NULL, 0, '新鲜蔬菜', 0, 20, b'0'),
  (3101000000000000003, 'admin', '2026-07-02 00:00:00.000000', b'0', 'admin', '2026-07-02 00:00:00.000000', 5.00, NULL, 0, '鲜肉禽蛋', 0, 30, b'0'),
  (3101000000000000004, 'admin', '2026-07-02 00:00:00.000000', b'0', 'admin', '2026-07-02 00:00:00.000000', 5.00, NULL, 0, '海鲜水产', 0, 40, b'0'),
  (3101000000000000005, 'admin', '2026-07-02 00:00:00.000000', b'0', 'admin', '2026-07-02 00:00:00.000000', 5.00, NULL, 0, '乳品烘焙', 0, 50, b'0'),
  (3101000000000000006, 'admin', '2026-07-02 00:00:00.000000', b'0', 'admin', '2026-07-02 00:00:00.000000', 5.00, NULL, 0, '休闲零食', 0, 60, b'0'),
  (3101000000000000007, 'admin', '2026-07-02 00:00:00.000000', b'0', 'admin', '2026-07-02 00:00:00.000000', 5.00, NULL, 0, '冻品面点', 0, 70, b'0'),
  (3101000000000000008, 'admin', '2026-07-02 00:00:00.000000', b'0', 'admin', '2026-07-02 00:00:00.000000', 5.00, NULL, 0, '粮油调味', 0, 80, b'0'),
  (3101000000000000009, 'admin', '2026-07-02 00:00:00.000000', b'0', 'admin', '2026-07-02 00:00:00.000000', 5.00, NULL, 0, '酒水饮料', 0, 90, b'0'),
  (3101000000000000010, 'admin', '2026-07-02 00:00:00.000000', b'0', 'admin', '2026-07-02 00:00:00.000000', 5.00, NULL, 0, '日用清洁', 0, 100, b'0'),

  (3101000000000001001, 'admin', '2026-07-02 00:00:00.000000', b'0', 'admin', '2026-07-02 00:00:00.000000', 5.00, NULL, 1, '国产水果', 3101000000000000001, 10, b'0'),
  (3101000000000001002, 'admin', '2026-07-02 00:00:00.000000', b'0', 'admin', '2026-07-02 00:00:00.000000', 5.00, NULL, 1, '进口水果', 3101000000000000001, 20, b'0'),
  (3101000000000001003, 'admin', '2026-07-02 00:00:00.000000', b'0', 'admin', '2026-07-02 00:00:00.000000', 5.00, NULL, 1, '叶菜豆苗', 3101000000000000002, 10, b'0'),
  (3101000000000001004, 'admin', '2026-07-02 00:00:00.000000', b'0', 'admin', '2026-07-02 00:00:00.000000', 5.00, NULL, 1, '根茎茄果', 3101000000000000002, 20, b'0'),
  (3101000000000001005, 'admin', '2026-07-02 00:00:00.000000', b'0', 'admin', '2026-07-02 00:00:00.000000', 5.00, NULL, 1, '猪牛羊肉', 3101000000000000003, 10, b'0'),
  (3101000000000001006, 'admin', '2026-07-02 00:00:00.000000', b'0', 'admin', '2026-07-02 00:00:00.000000', 5.00, NULL, 1, '禽蛋调理', 3101000000000000003, 20, b'0'),
  (3101000000000001007, 'admin', '2026-07-02 00:00:00.000000', b'0', 'admin', '2026-07-02 00:00:00.000000', 5.00, NULL, 1, '鱼虾贝蟹', 3101000000000000004, 10, b'0'),
  (3101000000000001008, 'admin', '2026-07-02 00:00:00.000000', b'0', 'admin', '2026-07-02 00:00:00.000000', 5.00, NULL, 1, '冷鲜加工', 3101000000000000004, 20, b'0'),
  (3101000000000001009, 'admin', '2026-07-02 00:00:00.000000', b'0', 'admin', '2026-07-02 00:00:00.000000', 5.00, NULL, 1, '低温乳品', 3101000000000000005, 10, b'0'),
  (3101000000000001010, 'admin', '2026-07-02 00:00:00.000000', b'0', 'admin', '2026-07-02 00:00:00.000000', 5.00, NULL, 1, '面包糕点', 3101000000000000005, 20, b'0'),
  (3101000000000001011, 'admin', '2026-07-02 00:00:00.000000', b'0', 'admin', '2026-07-02 00:00:00.000000', 5.00, NULL, 1, '膨化饼干', 3101000000000000006, 10, b'0'),
  (3101000000000001012, 'admin', '2026-07-02 00:00:00.000000', b'0', 'admin', '2026-07-02 00:00:00.000000', 5.00, NULL, 1, '糖巧肉脯', 3101000000000000006, 20, b'0'),
  (3101000000000001013, 'admin', '2026-07-02 00:00:00.000000', b'0', 'admin', '2026-07-02 00:00:00.000000', 5.00, NULL, 1, '水饺汤圆', 3101000000000000007, 10, b'0'),
  (3101000000000001014, 'admin', '2026-07-02 00:00:00.000000', b'0', 'admin', '2026-07-02 00:00:00.000000', 5.00, NULL, 1, '面点预制', 3101000000000000007, 20, b'0'),
  (3101000000000001015, 'admin', '2026-07-02 00:00:00.000000', b'0', 'admin', '2026-07-02 00:00:00.000000', 5.00, NULL, 1, '米面粮油', 3101000000000000008, 10, b'0'),
  (3101000000000001016, 'admin', '2026-07-02 00:00:00.000000', b'0', 'admin', '2026-07-02 00:00:00.000000', 5.00, NULL, 1, '调味干货', 3101000000000000008, 20, b'0'),
  (3101000000000001017, 'admin', '2026-07-02 00:00:00.000000', b'0', 'admin', '2026-07-02 00:00:00.000000', 5.00, NULL, 1, '饮用水茶饮', 3101000000000000009, 10, b'0'),
  (3101000000000001018, 'admin', '2026-07-02 00:00:00.000000', b'0', 'admin', '2026-07-02 00:00:00.000000', 5.00, NULL, 1, '酒类冲饮', 3101000000000000009, 20, b'0'),
  (3101000000000001019, 'admin', '2026-07-02 00:00:00.000000', b'0', 'admin', '2026-07-02 00:00:00.000000', 5.00, NULL, 1, '纸品洗护', 3101000000000000010, 10, b'0'),
  (3101000000000001020, 'admin', '2026-07-02 00:00:00.000000', b'0', 'admin', '2026-07-02 00:00:00.000000', 5.00, NULL, 1, '家清日杂', 3101000000000000010, 20, b'0'),

  (3101000000000010001, 'admin', '2026-07-02 00:00:00.000000', b'0', 'admin', '2026-07-02 00:00:00.000000', 5.00, NULL, 2, '苹果梨类', 3101000000000001001, 10, b'0'),
  (3101000000000010002, 'admin', '2026-07-02 00:00:00.000000', b'0', 'admin', '2026-07-02 00:00:00.000000', 5.00, NULL, 2, '柑橘葡萄', 3101000000000001001, 20, b'0'),
  (3101000000000010003, 'admin', '2026-07-02 00:00:00.000000', b'0', 'admin', '2026-07-02 00:00:00.000000', 5.00, NULL, 2, '榴莲山竹', 3101000000000001002, 10, b'0'),
  (3101000000000010004, 'admin', '2026-07-02 00:00:00.000000', b'0', 'admin', '2026-07-02 00:00:00.000000', 5.00, NULL, 2, '车厘子蓝莓', 3101000000000001002, 20, b'0'),
  (3101000000000010005, 'admin', '2026-07-02 00:00:00.000000', b'0', 'admin', '2026-07-02 00:00:00.000000', 5.00, NULL, 2, '生菜菠菜', 3101000000000001003, 10, b'0'),
  (3101000000000010006, 'admin', '2026-07-02 00:00:00.000000', b'0', 'admin', '2026-07-02 00:00:00.000000', 5.00, NULL, 2, '油麦菜上海青', 3101000000000001003, 20, b'0'),
  (3101000000000010007, 'admin', '2026-07-02 00:00:00.000000', b'0', 'admin', '2026-07-02 00:00:00.000000', 5.00, NULL, 2, '土豆红薯', 3101000000000001004, 10, b'0'),
  (3101000000000010008, 'admin', '2026-07-02 00:00:00.000000', b'0', 'admin', '2026-07-02 00:00:00.000000', 5.00, NULL, 2, '番茄黄瓜', 3101000000000001004, 20, b'0'),
  (3101000000000010009, 'admin', '2026-07-02 00:00:00.000000', b'0', 'admin', '2026-07-02 00:00:00.000000', 5.00, NULL, 2, '猪肉分割', 3101000000000001005, 10, b'0'),
  (3101000000000010010, 'admin', '2026-07-02 00:00:00.000000', b'0', 'admin', '2026-07-02 00:00:00.000000', 5.00, NULL, 2, '牛羊分割', 3101000000000001005, 20, b'0'),
  (3101000000000010011, 'admin', '2026-07-02 00:00:00.000000', b'0', 'admin', '2026-07-02 00:00:00.000000', 5.00, NULL, 2, '鸡鸭禽肉', 3101000000000001006, 10, b'0'),
  (3101000000000010012, 'admin', '2026-07-02 00:00:00.000000', b'0', 'admin', '2026-07-02 00:00:00.000000', 5.00, NULL, 2, '鲜蛋', 3101000000000001006, 20, b'0'),
  (3101000000000010013, 'admin', '2026-07-02 00:00:00.000000', b'0', 'admin', '2026-07-02 00:00:00.000000', 5.00, NULL, 2, '淡水鱼', 3101000000000001007, 10, b'0'),
  (3101000000000010014, 'admin', '2026-07-02 00:00:00.000000', b'0', 'admin', '2026-07-02 00:00:00.000000', 5.00, NULL, 2, '虾蟹贝类', 3101000000000001007, 20, b'0'),
  (3101000000000010015, 'admin', '2026-07-02 00:00:00.000000', b'0', 'admin', '2026-07-02 00:00:00.000000', 5.00, NULL, 2, '三文鱼刺身', 3101000000000001008, 10, b'0'),
  (3101000000000010016, 'admin', '2026-07-02 00:00:00.000000', b'0', 'admin', '2026-07-02 00:00:00.000000', 5.00, NULL, 2, '海产干货', 3101000000000001008, 20, b'0'),
  (3101000000000010017, 'admin', '2026-07-02 00:00:00.000000', b'0', 'admin', '2026-07-02 00:00:00.000000', 5.00, NULL, 2, '纯奶酸奶', 3101000000000001009, 10, b'0'),
  (3101000000000010018, 'admin', '2026-07-02 00:00:00.000000', b'0', 'admin', '2026-07-02 00:00:00.000000', 5.00, NULL, 2, '奶酪黄油', 3101000000000001009, 20, b'0'),
  (3101000000000010019, 'admin', '2026-07-02 00:00:00.000000', b'0', 'admin', '2026-07-02 00:00:00.000000', 5.00, NULL, 2, '吐司面包', 3101000000000001010, 10, b'0'),
  (3101000000000010020, 'admin', '2026-07-02 00:00:00.000000', b'0', 'admin', '2026-07-02 00:00:00.000000', 5.00, NULL, 2, '蛋糕甜点', 3101000000000001010, 20, b'0'),
  (3101000000000010021, 'admin', '2026-07-02 00:00:00.000000', b'0', 'admin', '2026-07-02 00:00:00.000000', 5.00, NULL, 2, '膨化食品', 3101000000000001011, 10, b'0'),
  (3101000000000010022, 'admin', '2026-07-02 00:00:00.000000', b'0', 'admin', '2026-07-02 00:00:00.000000', 5.00, NULL, 2, '饼干糕点', 3101000000000001011, 20, b'0'),
  (3101000000000010023, 'admin', '2026-07-02 00:00:00.000000', b'0', 'admin', '2026-07-02 00:00:00.000000', 5.00, NULL, 2, '糖果巧克力', 3101000000000001012, 10, b'0'),
  (3101000000000010024, 'admin', '2026-07-02 00:00:00.000000', b'0', 'admin', '2026-07-02 00:00:00.000000', 5.00, NULL, 2, '肉干卤味', 3101000000000001012, 20, b'0'),
  (3101000000000010025, 'admin', '2026-07-02 00:00:00.000000', b'0', 'admin', '2026-07-02 00:00:00.000000', 5.00, NULL, 2, '速冻水饺', 3101000000000001013, 10, b'0'),
  (3101000000000010026, 'admin', '2026-07-02 00:00:00.000000', b'0', 'admin', '2026-07-02 00:00:00.000000', 5.00, NULL, 2, '汤圆馄饨', 3101000000000001013, 20, b'0'),
  (3101000000000010027, 'admin', '2026-07-02 00:00:00.000000', b'0', 'admin', '2026-07-02 00:00:00.000000', 5.00, NULL, 2, '包点面食', 3101000000000001014, 10, b'0'),
  (3101000000000010028, 'admin', '2026-07-02 00:00:00.000000', b'0', 'admin', '2026-07-02 00:00:00.000000', 5.00, NULL, 2, '半成品菜', 3101000000000001014, 20, b'0'),
  (3101000000000010029, 'admin', '2026-07-02 00:00:00.000000', b'0', 'admin', '2026-07-02 00:00:00.000000', 5.00, NULL, 2, '大米杂粮', 3101000000000001015, 10, b'0'),
  (3101000000000010030, 'admin', '2026-07-02 00:00:00.000000', b'0', 'admin', '2026-07-02 00:00:00.000000', 5.00, NULL, 2, '食用油', 3101000000000001015, 20, b'0'),
  (3101000000000010031, 'admin', '2026-07-02 00:00:00.000000', b'0', 'admin', '2026-07-02 00:00:00.000000', 5.00, NULL, 2, '酱油食醋', 3101000000000001016, 10, b'0'),
  (3101000000000010032, 'admin', '2026-07-02 00:00:00.000000', b'0', 'admin', '2026-07-02 00:00:00.000000', 5.00, NULL, 2, '盐糖香辛料', 3101000000000001016, 20, b'0'),
  (3101000000000010033, 'admin', '2026-07-02 00:00:00.000000', b'0', 'admin', '2026-07-02 00:00:00.000000', 5.00, NULL, 2, '饮用水', 3101000000000001017, 10, b'0'),
  (3101000000000010034, 'admin', '2026-07-02 00:00:00.000000', b'0', 'admin', '2026-07-02 00:00:00.000000', 5.00, NULL, 2, '果汁茶饮', 3101000000000001017, 20, b'0'),
  (3101000000000010035, 'admin', '2026-07-02 00:00:00.000000', b'0', 'admin', '2026-07-02 00:00:00.000000', 5.00, NULL, 2, '啤酒', 3101000000000001018, 10, b'0'),
  (3101000000000010036, 'admin', '2026-07-02 00:00:00.000000', b'0', 'admin', '2026-07-02 00:00:00.000000', 5.00, NULL, 2, '白酒红酒', 3101000000000001018, 20, b'0'),
  (3101000000000010037, 'admin', '2026-07-02 00:00:00.000000', b'0', 'admin', '2026-07-02 00:00:00.000000', 5.00, NULL, 2, '抽纸卷纸', 3101000000000001019, 10, b'0'),
  (3101000000000010038, 'admin', '2026-07-02 00:00:00.000000', b'0', 'admin', '2026-07-02 00:00:00.000000', 5.00, NULL, 2, '洗发沐浴', 3101000000000001019, 20, b'0'),
  (3101000000000010039, 'admin', '2026-07-02 00:00:00.000000', b'0', 'admin', '2026-07-02 00:00:00.000000', 5.00, NULL, 2, '洗洁精', 3101000000000001020, 10, b'0'),
  (3101000000000010040, 'admin', '2026-07-02 00:00:00.000000', b'0', 'admin', '2026-07-02 00:00:00.000000', 5.00, NULL, 2, '垃圾袋保鲜膜', 3101000000000001020, 20, b'0');

-- ----------------------------
-- 初始化参数组
-- ----------------------------
INSERT INTO `li_category_parameter_group` (
  `id`,`create_by`,`create_time`,`delete_flag`,`update_by`,`update_time`,
  `category_id`,`group_name`,`sort`
) VALUES
  (3201000000000000001, 'admin', '2026-07-02 00:00:00.000000', b'0', 'admin', '2026-07-02 00:00:00.000000', '3101000000000000001', '生鲜通用属性', 10),
  (3201000000000000002, 'admin', '2026-07-02 00:00:00.000000', b'0', 'admin', '2026-07-02 00:00:00.000000', '3101000000000000003', '肉禽水产属性', 20),
  (3201000000000000003, 'admin', '2026-07-02 00:00:00.000000', b'0', 'admin', '2026-07-02 00:00:00.000000', '3101000000000000005', '乳品烘焙属性', 30),
  (3201000000000000004, 'admin', '2026-07-02 00:00:00.000000', b'0', 'admin', '2026-07-02 00:00:00.000000', '3101000000000000006', '零食冻品属性', 40),
  (3201000000000000005, 'admin', '2026-07-02 00:00:00.000000', b'0', 'admin', '2026-07-02 00:00:00.000000', '3101000000000000008', '粮油酒水属性', 50),
  (3201000000000000006, 'admin', '2026-07-02 00:00:00.000000', b'0', 'admin', '2026-07-02 00:00:00.000000', '3101000000000000010', '日化家清属性', 60);

-- ----------------------------
-- 初始化规格管理
-- category_id / group_id 用于参数归属展示
-- 分类实际绑定关系以 li_category_parameter 为准
-- ----------------------------
INSERT INTO `li_parameters` (
  `id`,`create_by`,`create_time`,`delete_flag`,`update_by`,`update_time`,
  `category_id`,`group_id`,`is_index`,`options`,`param_name`,`param_type`,`required`,`sort`
) VALUES
  (3202000000000000001, 'admin', '2026-07-02 00:00:00.000000', b'0', 'admin', '2026-07-02 00:00:00.000000', '3101000000000010001', '3201000000000000001', 1, '山东,陕西,云南,四川,智利,泰国', '产地', 2, 1, 10),
  (3202000000000000002, 'admin', '2026-07-02 00:00:00.000000', b'0', 'admin', '2026-07-02 00:00:00.000000', '3101000000000010001', '3201000000000000001', 1, '冷藏,常温,阴凉通风', '储存', 2, 1, 20),
  (3202000000000000003, 'admin', '2026-07-02 00:00:00.000000', b'0', 'admin', '2026-07-02 00:00:00.000000', '3101000000000010001', '3201000000000000001', 1, '1kg装,2kg装,5kg装,散装', '规格', 2, 1, 30),
  (3202000000000000004, 'admin', '2026-07-02 00:00:00.000000', b'0', 'admin', '2026-07-02 00:00:00.000000', '3101000000000010001', '3201000000000000001', 1, '一级,特级,精品', '等级', 2, 0, 40),
  (3202000000000000005, 'admin', '2026-07-02 00:00:00.000000', b'0', 'admin', '2026-07-02 00:00:00.000000', '3101000000000010009', '3201000000000000002', 1, '前腿,后腿,里脊,肋排,腱子', '部位', 2, 1, 50),
  (3202000000000000006, 'admin', '2026-07-02 00:00:00.000000', b'0', 'admin', '2026-07-02 00:00:00.000000', '3101000000000010011', '3201000000000000002', 1, '冷鲜,冷冻', '加工方式', 2, 1, 60),
  (3202000000000000007, 'admin', '2026-07-02 00:00:00.000000', b'0', 'admin', '2026-07-02 00:00:00.000000', '3101000000000010012', '3201000000000000002', 1, '30枚,36枚,45枚,60枚', '装箱数', 2, 1, 70),
  (3202000000000000008, 'admin', '2026-07-02 00:00:00.000000', b'0', 'admin', '2026-07-02 00:00:00.000000', '3101000000000010013', '3201000000000000002', 1, '鲜活,冰鲜,冷冻', '鲜活状态', 2, 1, 80),
  (3202000000000000009, 'admin', '2026-07-02 00:00:00.000000', b'0', 'admin', '2026-07-02 00:00:00.000000', '3101000000000010017', '3201000000000000003', 1, '盒装,瓶装,袋装', '包装形式', 2, 1, 90),
  (3202000000000000010, 'admin', '2026-07-02 00:00:00.000000', b'0', 'admin', '2026-07-02 00:00:00.000000', '3101000000000010019', '3201000000000000003', 1, '原味,奶香,全麦,巧克力', '口味', 2, 0, 100),
  (3202000000000000011, 'admin', '2026-07-02 00:00:00.000000', b'0', 'admin', '2026-07-02 00:00:00.000000', '3101000000000010021', '3201000000000000004', 1, '原味,番茄味,烧烤味,麻辣味', '风味', 2, 0, 110),
  (3202000000000000012, 'admin', '2026-07-02 00:00:00.000000', b'0', 'admin', '2026-07-02 00:00:00.000000', '3101000000000010025', '3201000000000000004', 1, '家庭装,餐饮装,整箱', '销售包装', 2, 1, 120),
  (3202000000000000013, 'admin', '2026-07-02 00:00:00.000000', b'0', 'admin', '2026-07-02 00:00:00.000000', '3101000000000010029', '3201000000000000005', 1, '5kg,10kg,20kg,25kg', '净含量', 2, 1, 130),
  (3202000000000000014, 'admin', '2026-07-02 00:00:00.000000', b'0', 'admin', '2026-07-02 00:00:00.000000', '3101000000000010031', '3201000000000000005', 1, '瓶装,袋装,桶装', '包装类型', 2, 1, 140),
  (3202000000000000015, 'admin', '2026-07-02 00:00:00.000000', b'0', 'admin', '2026-07-02 00:00:00.000000', '3101000000000010035', '3201000000000000005', 1, '330ml,500ml,1L,整箱', '容量规格', 2, 1, 150),
  (3202000000000000016, 'admin', '2026-07-02 00:00:00.000000', b'0', 'admin', '2026-07-02 00:00:00.000000', '3101000000000010036', '3201000000000000005', 1, '低度,中度,高度', '酒精度', 2, 0, 160),
  (3202000000000000017, 'admin', '2026-07-02 00:00:00.000000', b'0', 'admin', '2026-07-02 00:00:00.000000', '3101000000000010037', '3201000000000000006', 1, '3层,4层,5层', '纸张层数', 2, 0, 170),
  (3202000000000000018, 'admin', '2026-07-02 00:00:00.000000', b'0', 'admin', '2026-07-02 00:00:00.000000', '3101000000000010038', '3201000000000000006', 1, '清爽,滋润,去屑,柔顺', '功效', 2, 0, 180),
  (3202000000000000019, 'admin', '2026-07-02 00:00:00.000000', b'0', 'admin', '2026-07-02 00:00:00.000000', '3101000000000010039', '3201000000000000006', 1, '柠檬,无香,青柠,芦荟', '香型', 2, 0, 190),
  (3202000000000000020, 'admin', '2026-07-02 00:00:00.000000', b'0', 'admin', '2026-07-02 00:00:00.000000', '3101000000000010040', '3201000000000000006', 1, '小号,中号,大号,加厚', '型号', 2, 0, 200);

-- ----------------------------
-- 初始化参数与叶子分类绑定关系
-- ----------------------------
INSERT INTO `li_category_parameter` (
  `id`,`create_by`,`create_time`,`delete_flag`,`update_by`,`update_time`,
  `category_id`,`parameter_id`
) VALUES
  (3203000000000000001, 'admin', '2026-07-02 00:00:00.000000', b'0', 'admin', '2026-07-02 00:00:00.000000', '3101000000000010001', '3202000000000000001'),
  (3203000000000000002, 'admin', '2026-07-02 00:00:00.000000', b'0', 'admin', '2026-07-02 00:00:00.000000', '3101000000000010002', '3202000000000000001'),
  (3203000000000000003, 'admin', '2026-07-02 00:00:00.000000', b'0', 'admin', '2026-07-02 00:00:00.000000', '3101000000000010003', '3202000000000000001'),
  (3203000000000000004, 'admin', '2026-07-02 00:00:00.000000', b'0', 'admin', '2026-07-02 00:00:00.000000', '3101000000000010004', '3202000000000000001'),
  (3203000000000000005, 'admin', '2026-07-02 00:00:00.000000', b'0', 'admin', '2026-07-02 00:00:00.000000', '3101000000000010001', '3202000000000000002'),
  (3203000000000000006, 'admin', '2026-07-02 00:00:00.000000', b'0', 'admin', '2026-07-02 00:00:00.000000', '3101000000000010002', '3202000000000000002'),
  (3203000000000000007, 'admin', '2026-07-02 00:00:00.000000', b'0', 'admin', '2026-07-02 00:00:00.000000', '3101000000000010003', '3202000000000000002'),
  (3203000000000000008, 'admin', '2026-07-02 00:00:00.000000', b'0', 'admin', '2026-07-02 00:00:00.000000', '3101000000000010004', '3202000000000000002'),
  (3203000000000000009, 'admin', '2026-07-02 00:00:00.000000', b'0', 'admin', '2026-07-02 00:00:00.000000', '3101000000000010005', '3202000000000000001'),
  (3203000000000000010, 'admin', '2026-07-02 00:00:00.000000', b'0', 'admin', '2026-07-02 00:00:00.000000', '3101000000000010006', '3202000000000000001'),
  (3203000000000000011, 'admin', '2026-07-02 00:00:00.000000', b'0', 'admin', '2026-07-02 00:00:00.000000', '3101000000000010007', '3202000000000000001'),
  (3203000000000000012, 'admin', '2026-07-02 00:00:00.000000', b'0', 'admin', '2026-07-02 00:00:00.000000', '3101000000000010008', '3202000000000000001'),
  (3203000000000000013, 'admin', '2026-07-02 00:00:00.000000', b'0', 'admin', '2026-07-02 00:00:00.000000', '3101000000000010005', '3202000000000000003'),
  (3203000000000000014, 'admin', '2026-07-02 00:00:00.000000', b'0', 'admin', '2026-07-02 00:00:00.000000', '3101000000000010006', '3202000000000000003'),
  (3203000000000000015, 'admin', '2026-07-02 00:00:00.000000', b'0', 'admin', '2026-07-02 00:00:00.000000', '3101000000000010007', '3202000000000000003'),
  (3203000000000000016, 'admin', '2026-07-02 00:00:00.000000', b'0', 'admin', '2026-07-02 00:00:00.000000', '3101000000000010008', '3202000000000000003'),
  (3203000000000000017, 'admin', '2026-07-02 00:00:00.000000', b'0', 'admin', '2026-07-02 00:00:00.000000', '3101000000000010009', '3202000000000000005'),
  (3203000000000000018, 'admin', '2026-07-02 00:00:00.000000', b'0', 'admin', '2026-07-02 00:00:00.000000', '3101000000000010010', '3202000000000000005'),
  (3203000000000000019, 'admin', '2026-07-02 00:00:00.000000', b'0', 'admin', '2026-07-02 00:00:00.000000', '3101000000000010009', '3202000000000000006'),
  (3203000000000000020, 'admin', '2026-07-02 00:00:00.000000', b'0', 'admin', '2026-07-02 00:00:00.000000', '3101000000000010010', '3202000000000000006'),
  (3203000000000000021, 'admin', '2026-07-02 00:00:00.000000', b'0', 'admin', '2026-07-02 00:00:00.000000', '3101000000000010011', '3202000000000000006'),
  (3203000000000000022, 'admin', '2026-07-02 00:00:00.000000', b'0', 'admin', '2026-07-02 00:00:00.000000', '3101000000000010012', '3202000000000000007'),
  (3203000000000000023, 'admin', '2026-07-02 00:00:00.000000', b'0', 'admin', '2026-07-02 00:00:00.000000', '3101000000000010013', '3202000000000000008'),
  (3203000000000000024, 'admin', '2026-07-02 00:00:00.000000', b'0', 'admin', '2026-07-02 00:00:00.000000', '3101000000000010014', '3202000000000000008'),
  (3203000000000000025, 'admin', '2026-07-02 00:00:00.000000', b'0', 'admin', '2026-07-02 00:00:00.000000', '3101000000000010015', '3202000000000000008'),
  (3203000000000000026, 'admin', '2026-07-02 00:00:00.000000', b'0', 'admin', '2026-07-02 00:00:00.000000', '3101000000000010016', '3202000000000000008'),
  (3203000000000000027, 'admin', '2026-07-02 00:00:00.000000', b'0', 'admin', '2026-07-02 00:00:00.000000', '3101000000000010017', '3202000000000000009'),
  (3203000000000000028, 'admin', '2026-07-02 00:00:00.000000', b'0', 'admin', '2026-07-02 00:00:00.000000', '3101000000000010018', '3202000000000000009'),
  (3203000000000000029, 'admin', '2026-07-02 00:00:00.000000', b'0', 'admin', '2026-07-02 00:00:00.000000', '3101000000000010019', '3202000000000000010'),
  (3203000000000000030, 'admin', '2026-07-02 00:00:00.000000', b'0', 'admin', '2026-07-02 00:00:00.000000', '3101000000000010020', '3202000000000000010'),
  (3203000000000000031, 'admin', '2026-07-02 00:00:00.000000', b'0', 'admin', '2026-07-02 00:00:00.000000', '3101000000000010021', '3202000000000000011'),
  (3203000000000000032, 'admin', '2026-07-02 00:00:00.000000', b'0', 'admin', '2026-07-02 00:00:00.000000', '3101000000000010022', '3202000000000000011'),
  (3203000000000000033, 'admin', '2026-07-02 00:00:00.000000', b'0', 'admin', '2026-07-02 00:00:00.000000', '3101000000000010023', '3202000000000000011'),
  (3203000000000000034, 'admin', '2026-07-02 00:00:00.000000', b'0', 'admin', '2026-07-02 00:00:00.000000', '3101000000000010024', '3202000000000000011'),
  (3203000000000000035, 'admin', '2026-07-02 00:00:00.000000', b'0', 'admin', '2026-07-02 00:00:00.000000', '3101000000000010025', '3202000000000000012'),
  (3203000000000000036, 'admin', '2026-07-02 00:00:00.000000', b'0', 'admin', '2026-07-02 00:00:00.000000', '3101000000000010026', '3202000000000000012'),
  (3203000000000000037, 'admin', '2026-07-02 00:00:00.000000', b'0', 'admin', '2026-07-02 00:00:00.000000', '3101000000000010027', '3202000000000000012'),
  (3203000000000000038, 'admin', '2026-07-02 00:00:00.000000', b'0', 'admin', '2026-07-02 00:00:00.000000', '3101000000000010028', '3202000000000000012'),
  (3203000000000000039, 'admin', '2026-07-02 00:00:00.000000', b'0', 'admin', '2026-07-02 00:00:00.000000', '3101000000000010029', '3202000000000000013'),
  (3203000000000000040, 'admin', '2026-07-02 00:00:00.000000', b'0', 'admin', '2026-07-02 00:00:00.000000', '3101000000000010030', '3202000000000000013'),
  (3203000000000000041, 'admin', '2026-07-02 00:00:00.000000', b'0', 'admin', '2026-07-02 00:00:00.000000', '3101000000000010031', '3202000000000000014'),
  (3203000000000000042, 'admin', '2026-07-02 00:00:00.000000', b'0', 'admin', '2026-07-02 00:00:00.000000', '3101000000000010032', '3202000000000000014'),
  (3203000000000000043, 'admin', '2026-07-02 00:00:00.000000', b'0', 'admin', '2026-07-02 00:00:00.000000', '3101000000000010033', '3202000000000000015'),
  (3203000000000000044, 'admin', '2026-07-02 00:00:00.000000', b'0', 'admin', '2026-07-02 00:00:00.000000', '3101000000000010034', '3202000000000000015'),
  (3203000000000000045, 'admin', '2026-07-02 00:00:00.000000', b'0', 'admin', '2026-07-02 00:00:00.000000', '3101000000000010035', '3202000000000000015'),
  (3203000000000000046, 'admin', '2026-07-02 00:00:00.000000', b'0', 'admin', '2026-07-02 00:00:00.000000', '3101000000000010036', '3202000000000000016'),
  (3203000000000000047, 'admin', '2026-07-02 00:00:00.000000', b'0', 'admin', '2026-07-02 00:00:00.000000', '3101000000000010037', '3202000000000000017'),
  (3203000000000000048, 'admin', '2026-07-02 00:00:00.000000', b'0', 'admin', '2026-07-02 00:00:00.000000', '3101000000000010038', '3202000000000000018'),
  (3203000000000000049, 'admin', '2026-07-02 00:00:00.000000', b'0', 'admin', '2026-07-02 00:00:00.000000', '3101000000000010039', '3202000000000000019'),
  (3203000000000000050, 'admin', '2026-07-02 00:00:00.000000', b'0', 'admin', '2026-07-02 00:00:00.000000', '3101000000000010040', '3202000000000000020');

SET FOREIGN_KEY_CHECKS = 1;
